seed,target_pairs,method,actual_global_pairs,heldout_auc,search_time_auc,gap,dist_to_chance,clean_pair_count,confounded_fraction
0,300,clean_first_then_low_score,300.0,0.5923555555555555,0.6090074074074074,0.016651851851851918,0.09235555555555552,224.0,0.25333333333333335
0,300,score_rank (low separability),300.0,0.5215111111111111,0.658716049382716,0.13720493827160485,0.021511111111111147,148.0,0.5066666666666667
0,300,len_gap_rank (symmetric length),300.0,0.5371555555555556,0.6574913580246913,0.12033580246913567,0.03715555555555561,177.0,0.41
0,300,negation_rank (low asymmetry),300.0,0.6322666666666666,0.6261432098765431,-0.006123456790123494,0.13226666666666664,135.0,0.55
0,325,clean_first_then_low_score,326.0,0.5792682926829269,0.6314918704649287,0.05222357778200182,0.0792682926829269,229.0,0.29754601226993865
0,325,score_rank (low separability),326.0,0.5012641284949435,0.6734748723461434,0.17221074385119994,0.001264128494943506,153.0,0.5306748466257669
0,325,len_gap_rank (symmetric length),326.0,0.5809042236763832,0.6631281913464122,0.08222396767002904,0.08090422367638317,193.0,0.40797546012269936
0,325,negation_rank (low asymmetry),326.0,0.6199434860202261,0.6122514109110455,-0.007692075109180574,0.11994348602022609,155.0,0.5245398773006135
0,350,clean_first_then_low_score,350.0,0.5759943181818181,0.6318323524270147,0.05583803424519662,0.07599431818181812,231.0,0.34
0,350,score_rank (low separability),350.0,0.6665160123966943,0.6763956063166483,0.009879593919953966,0.16651601239669434,159.0,0.5457142857142857
0,350,len_gap_rank (symmetric length),350.0,0.6048553719008264,0.6623667035720529,0.05751133167122646,0.10485537190082639,210.0,0.4
0,350,negation_rank (low asymmetry),350.0,0.6281637396694215,0.6134622108268748,-0.014701528842546718,0.12816373966942152,166.0,0.5257142857142857
0,375,clean_first_then_low_score,375.0,0.6039497510185604,0.650245057686706,0.04629530666814563,0.10394975101856041,231.0,0.384
0,375,score_rank (low separability),375.0,0.7154821186057039,0.6802472106482946,-0.035234907957409245,0.21548211860570388,171.0,0.544
0,375,len_gap_rank (symmetric length),375.0,0.5797872340425532,0.6762389027494585,0.09645166870690536,0.07978723404255317,226.0,0.3973333333333333
0,375,negation_rank (low asymmetry),375.0,0.64084427342689,0.6249920847000418,-0.015852188726848238,0.14084427342689,177.0,0.528
0,400,clean_first_then_low_score,400.0,0.5832999999999999,0.6554833333333333,0.07218333333333338,0.08329999999999993,234.0,0.415
0,400,score_rank (low separability),400.0,0.7049,0.6708777777777777,-0.03402222222222229,0.20489999999999997,179.0,0.5525
0,400,len_gap_rank (symmetric length),400.0,0.6326,0.67605,0.04344999999999999,0.13260000000000005,239.0,0.4025
0,400,negation_rank (low asymmetry),400.0,0.66055,0.6199111111111111,-0.04063888888888889,0.16054999999999997,187.0,0.5325
0,425,clean_first_then_low_score,426.0,0.5718403354004717,0.6631666355479997,0.09132630014752796,0.07184033540047174,238.0,0.4413145539906103
0,425,score_rank (low separability),426.0,0.6796226744693858,0.6875669460795394,0.007944271610153542,0.17962267446938585,188.0,0.5586854460093896
0,425,len_gap_rank (symmetric length),426.0,0.6310594811773954,0.6896993936773421,0.05863991249994671,0.1310594811773954,243.0,0.4295774647887324
0,425,negation_rank (low asymmetry),426.0,0.6421084810900515,0.6251756566857638,-0.016932824404287672,0.14210848109005147,209.0,0.5093896713615024
0,450,clean_first_then_low_score,450.0,0.6762080037591041,0.6764037721561342,0.00019576839703017157,0.17620800375910406,231.0,0.4866666666666667
0,450,score_rank (low separability),450.0,0.6799671078392983,0.6854291223837491,0.005462014544450833,0.17996710783929826,196.0,0.5644444444444444
0,450,len_gap_rank (symmetric length),450.0,0.6021614848461116,0.6997243966223177,0.09756291177620602,0.10216148484611165,244.0,0.4577777777777778
0,450,negation_rank (low asymmetry),450.0,0.5996554154593156,0.6537963704884255,0.05414095502910998,0.09965541545931556,196.0,0.5644444444444444
0,475,clean_first_then_low_score,475.0,0.6389732363533649,0.6758340171695493,0.03686078081618438,0.1389732363533649,232.0,0.511578947368421
0,475,score_rank (low separability),475.0,0.6545088623684767,0.6932205529604849,0.038711690592008186,0.15450886236847672,203.0,0.5726315789473684
0,475,len_gap_rank (symmetric length),475.0,0.6016877339170962,0.6925459222320415,0.0908581883149453,0.10168773391709618,247.0,0.48
0,475,negation_rank (low asymmetry),475.0,0.5598121601581808,0.6797950069435678,0.11998284678538695,0.059812160158180805,205.0,0.5684210526315789
0,500,clean_first_then_low_score,500.0,0.657792,0.6875271111111112,0.029735111111111157,0.15779200000000004,237.0,0.526
0,500,score_rank (low separability),500.0,0.637632,0.6976426666666666,0.06001066666666666,0.13763199999999998,212.0,0.576
0,500,len_gap_rank (symmetric length),500.0,0.6097599999999999,0.6883377777777777,0.07857777777777786,0.10975999999999986,250.0,0.5
0,500,negation_rank (low asymmetry),500.0,0.624992,0.6976960000000001,0.0727040000000001,0.12499199999999999,215.0,0.57
1,300,clean_first_then_low_score,300.0,0.5930666666666666,0.6241481481481481,0.031081481481481488,0.09306666666666663,240.0,0.2
1,300,score_rank (low separability),300.0,0.5694222222222223,0.6527703703703703,0.08334814814814806,0.06942222222222227,144.0,0.52
1,300,len_gap_rank (symmetric length),300.0,0.5822222222222222,0.6226864197530865,0.040464197530864277,0.0822222222222222,176.0,0.41333333333333333
1,300,negation_rank (low asymmetry),300.0,0.7089777777777777,0.5859259259259259,-0.12305185185185186,0.2089777777777777,139.0,0.5366666666666666
1,325,clean_first_then_low_score,326.0,0.625520523497918,0.6260665815640957,0.0005460580661776904,0.12552052349791798,240.0,0.26380368098159507
1,325,score_rank (low separability),326.0,0.7064247471743009,0.6492374361730717,-0.0571873110012292,0.20642474717430093,145.0,0.5552147239263804
1,325,len_gap_rank (symmetric length),326.0,0.5941403926234384,0.6325164606288631,0.0383760680054247,0.09414039262343843,191.0,0.41411042944785276
1,325,negation_rank (low asymmetry),326.0,0.7038221296847115,0.5987805697393174,-0.1050415599453941,0.20382212968471147,151.0,0.5368098159509203
1,350,clean_first_then_low_score,350.0,0.5830320247933883,0.6484543441524386,0.0654223193590503,0.08303202479338834,244.0,0.3028571428571429
1,350,score_rank (low separability),350.0,0.6978305785123967,0.6683104131460871,-0.029520165366309636,0.19783057851239672,153.0,0.5628571428571428
1,350,len_gap_rank (symmetric length),350.0,0.6101497933884298,0.644593846512441,0.03444405312401122,0.11014979338842978,203.0,0.42
1,350,negation_rank (low asymmetry),350.0,0.6807205578512396,0.6093831944525377,-0.07133736339870189,0.18072055785123964,162.0,0.5371428571428571
1,375,clean_first_then_low_score,375.0,0.5912177455862381,0.6607882372310381,0.0695704916448,0.09121774558623807,246.0,0.344
1,375,score_rank (low separability),375.0,0.6310547759167044,0.6640366763338863,0.03298190041718185,0.13105477591670445,170.0,0.5466666666666666
1,375,len_gap_rank (symmetric length),375.0,0.615323675871435,0.6526323121541013,0.03730863628266634,0.115323675871435,221.0,0.4106666666666667
1,375,negation_rank (low asymmetry),375.0,0.6385808057944772,0.6031521890553565,-0.03542861673912068,0.13858080579447718,174.0,0.536
1,400,clean_first_then_low_score,400.0,0.5826000000000001,0.6610944444444445,0.07849444444444442,0.08260000000000012,247.0,0.3825
1,400,score_rank (low separability),400.0,0.5977,0.6594444444444445,0.06174444444444449,0.09770000000000001,182.0,0.545
1,400,len_gap_rank (symmetric length),400.0,0.6669999999999999,0.6662944444444445,-0.0007055555555554038,0.16699999999999993,235.0,0.4125
1,400,negation_rank (low asymmetry),400.0,0.62705,0.59865,-0.02839999999999998,0.12705,194.0,0.515
1,425,clean_first_then_low_score,426.0,0.6155122718141323,0.665692161044015,0.0501798892298827,0.11551227181413226,247.0,0.42018779342723006
1,425,score_rank (low separability),426.0,0.6659970303083238,0.653978439677283,-0.012018590631040826,0.1659970303083238,190.0,0.5539906103286385
1,425,len_gap_rank (symmetric length),426.0,0.6341165167263517,0.6650386690382366,0.030922152311884887,0.13411651672635172,248.0,0.41784037558685444
1,425,negation_rank (low asymmetry),426.0,0.6564765481701458,0.6280058175528935,-0.02847073061725225,0.15647654817014578,206.0,0.5164319248826291
1,450,clean_first_then_low_score,450.0,0.6831388519069621,0.6556938953411583,-0.027444956565803813,0.1831388519069621,242.0,0.4622222222222222
1,450,score_rank (low separability),450.0,0.607800140966403,0.664098477577508,0.05629833661110495,0.107800140966403,200.0,0.5555555555555556
1,450,len_gap_rank (symmetric length),450.0,0.6335656668494009,0.6833510905264641,0.04978542367706329,0.13356566684940085,249.0,0.44666666666666666
1,450,negation_rank (low asymmetry),450.0,0.6605842274257968,0.6389111465276616,-0.021673080898135244,0.1605842274257968,212.0,0.5288888888888889
1,475,clean_first_then_low_score,475.0,0.6598404067509357,0.6757156609014014,0.015875254150465756,0.1598404067509357,244.0,0.4863157894736842
1,475,score_rank (low separability),475.0,0.6149283242708848,0.6705119303118294,0.05558360604094459,0.11492832427088484,206.0,0.5663157894736842
1,475,len_gap_rank (symmetric length),475.0,0.6498128663229998,0.6819727622774903,0.032159895954490425,0.14981286632299984,251.0,0.47157894736842104
1,475,negation_rank (low asymmetry),475.0,0.6531318409716828,0.6510975571266254,-0.0020342838450573275,0.15313184097168275,214.0,0.5494736842105263
1,500,clean_first_then_low_score,500.0,0.6537600000000001,0.6604053333333334,0.006645333333333281,0.15376000000000012,246.0,0.508
1,500,score_rank (low separability),500.0,0.618368,0.68432,0.06595200000000001,0.11836800000000003,217.0,0.566
1,500,len_gap_rank (symmetric length),500.0,0.6369920000000001,0.6892337777777777,0.05224177777777761,0.1369920000000001,252.0,0.496
1,500,negation_rank (low asymmetry),500.0,0.692928,0.6731342222222222,-0.0197937777777778,0.192928,224.0,0.552
2,300,clean_first_then_low_score,300.0,0.6207111111111111,0.5974222222222223,-0.023288888888888803,0.1207111111111111,229.0,0.23666666666666666
2,300,score_rank (low separability),300.0,0.6875555555555555,0.7065876543209877,0.019032098765432215,0.18755555555555548,140.0,0.5333333333333333
2,300,len_gap_rank (symmetric length),300.0,0.5449777777777778,0.5988839506172839,0.05390617283950616,0.04497777777777778,174.0,0.42
2,300,negation_rank (low asymmetry),300.0,0.6717333333333333,0.6047604938271605,-0.06697283950617283,0.1717333333333333,144.0,0.52
2,325,clean_first_then_low_score,326.0,0.6304283164782867,0.6271163665681267,-0.003311949910159928,0.13042831647828668,232.0,0.2883435582822086
2,325,score_rank (low separability),326.0,0.6816627007733493,0.6976199274388606,0.015957226665511248,0.18166270077334934,146.0,0.5521472392638037
2,325,len_gap_rank (symmetric length),326.0,0.6151844140392624,0.603248454716474,-0.011935959322788348,0.11518441403926238,193.0,0.40797546012269936
2,325,negation_rank (low asymmetry),326.0,0.6780933967876264,0.5947829884439666,-0.08331040834365977,0.17809339678762637,152.0,0.5337423312883436
2,350,clean_first_then_low_score,350.0,0.5866477272727272,0.6574500320494143,0.07080230477668714,0.08664772727272718,234.0,0.3314285714285714
2,350,score_rank (low separability),350.0,0.7273372933884297,0.680948079948721,-0.0463892134397087,0.22733729338842967,153.0,0.5628571428571428
2,350,len_gap_rank (symmetric length),350.0,0.6115702479338844,0.6152030767437795,0.003632828809895128,0.11157024793388437,207.0,0.4085714285714286
2,350,negation_rank (low asymmetry),350.0,0.6711647727272727,0.5986539245964687,-0.072510848130804,0.1711647727272727,162.0,0.5371428571428571
2,375,clean_first_then_low_score,375.0,0.5682435491172475,0.6704322387001178,0.1021886895828703,0.0682435491172475,234.0,0.376
2,375,score_rank (low separability),375.0,0.7071638750565866,0.6688301819885766,-0.038333693068010044,0.20716387505658662,165.0,0.56
2,375,len_gap_rank (symmetric length),375.0,0.5648483476686283,0.6227504717518775,0.05790212408324913,0.06484834766862835,229.0,0.3893333333333333
2,375,negation_rank (low asymmetry),375.0,0.6973177908555908,0.598010410202505,-0.09930738065308575,0.19731779085559076,179.0,0.5226666666666666
2,400,clean_first_then_low_score,400.0,0.5805000000000002,0.684,0.10349999999999981,0.08050000000000024,235.0,0.4125
2,400,score_rank (low separability),400.0,0.6839499999999998,0.6574555555555555,-0.026494444444444376,0.18394999999999984,179.0,0.5525
2,400,len_gap_rank (symmetric length),400.0,0.6268,0.6297666666666667,0.002966666666666673,0.12680000000000002,243.0,0.3925
2,400,negation_rank (low asymmetry),400.0,0.70915,0.5785944444444444,-0.13055555555555554,0.20914999999999995,193.0,0.5175
2,425,clean_first_then_low_score,426.0,0.6532884968119487,0.6793467045331709,0.02605820772122225,0.15328849681194867,231.0,0.45774647887323944
2,425,score_rank (low separability),426.0,0.6535942003668442,0.666576586314993,0.012982385948148711,0.15359420036684424,188.0,0.5586854460093896
2,425,len_gap_rank (symmetric length),426.0,0.6238099397327277,0.6451243600200469,0.021314420287319225,0.12380993973272769,247.0,0.42018779342723006
2,425,negation_rank (low asymmetry),426.0,0.7354790811424579,0.59946344866894,-0.1360156324735179,0.23547908114245786,192.0,0.5492957746478874
2,450,clean_first_then_low_score,450.0,0.7031874070013314,0.6587713196382815,-0.044416087363049916,0.20318740700133142,231.0,0.4866666666666667
2,450,score_rank (low separability),450.0,0.6417103923564884,0.6718602787732567,0.0301498864167683,0.1417103923564884,192.0,0.5733333333333334
2,450,len_gap_rank (symmetric length),450.0,0.6018482261727621,0.648839031778038,0.04699080560527591,0.10184822617276212,251.0,0.44222222222222224
2,450,negation_rank (low asymmetry),450.0,0.652752760592059,0.6438376669689791,-0.00891509362307985,0.152752760592059,202.0,0.5511111111111111
2,475,clean_first_then_low_score,475.0,0.6476237553845067,0.6645862264865547,0.01696247110204807,0.14762375538450667,234.0,0.5073684210526316
2,475,score_rank (low separability),475.0,0.622554904314667,0.671549520262593,0.04899461594792598,0.12255490431466698,196.0,0.5873684210526315
2,475,len_gap_rank (symmetric length),475.0,0.6332179930795847,0.6424536043428861,0.009235611263301413,0.1332179930795847,249.0,0.47578947368421054
2,475,negation_rank (low asymmetry),475.0,0.6310994986229786,0.6653831586920843,0.03428366006910566,0.13109949862297865,208.0,0.5621052631578948
2,500,clean_first_then_low_score,500.0,0.6392319999999999,0.669952,0.03072000000000008,0.1392319999999999,236.0,0.528
2,500,score_rank (low separability),500.0,0.6419839999999999,0.6737742222222223,0.031790222222222386,0.1419839999999999,203.0,0.594
2,500,len_gap_rank (symmetric length),500.0,0.641728,0.6542862222222223,0.01255822222222236,0.14172799999999997,251.0,0.498
2,500,negation_rank (low asymmetry),500.0,0.68096,0.6644373333333333,-0.016522666666666685,0.18096,215.0,0.57
3,300,clean_first_then_low_score,300.0,0.6754666666666667,0.6228246913580247,-0.05264197530864201,0.17546666666666666,226.0,0.24666666666666667
3,300,score_rank (low separability),300.0,0.6181333333333333,0.6707358024691357,0.052602469135802354,0.11813333333333331,149.0,0.5033333333333333
3,300,len_gap_rank (symmetric length),300.0,0.6449777777777778,0.6175308641975309,-0.027446913580246868,0.14497777777777776,171.0,0.43
3,300,negation_rank (low asymmetry),300.0,0.7251555555555556,0.596562962962963,-0.1285925925925926,0.22515555555555555,141.0,0.53
3,325,clean_first_then_low_score,326.0,0.614069006543724,0.6509422870196184,0.03687328047589444,0.11406900654372398,233.0,0.2852760736196319
3,325,score_rank (low separability),326.0,0.6189767995240928,0.6805798172534265,0.06160301772933374,0.11897679952409279,157.0,0.5184049079754601
3,325,len_gap_rank (symmetric length),326.0,0.6455234979179061,0.6267468422467078,-0.01877665567119824,0.1455234979179061,188.0,0.4233128834355828
3,325,negation_rank (low asymmetry),326.0,0.7001784651992862,0.6027025665143779,-0.09747589868490825,0.20017846519928617,157.0,0.5184049079754601
3,350,clean_first_then_low_score,350.0,0.5920712809917354,0.664901520890391,0.07283023989865556,0.09207128099173545,234.0,0.3314285714285714
3,350,score_rank (low separability),350.0,0.6608987603305785,0.6797170910786084,0.018818330748029966,0.16089876033057848,160.0,0.5428571428571428
3,350,len_gap_rank (symmetric length),350.0,0.6091813016528926,0.6285108676650545,0.019329566012161847,0.10918130165289264,198.0,0.4342857142857143
3,350,negation_rank (low asymmetry),350.0,0.7541322314049587,0.5899495950119457,-0.164182636393013,0.25413223140495866,169.0,0.5171428571428571
3,375,clean_first_then_low_score,375.0,0.5997057492077863,0.6585972822026064,0.058891532994820084,0.0997057492077863,233.0,0.37866666666666665
3,375,score_rank (low separability),375.0,0.7324581258488003,0.6696597054241968,-0.06279842042460348,0.23245812584880032,171.0,0.544
3,375,len_gap_rank (symmetric length),375.0,0.5873132639203259,0.6322171705018933,0.0449039065815674,0.0873132639203259,222.0,0.408
3,375,negation_rank (low asymmetry),375.0,0.7410593028519692,0.6013158394650524,-0.1397434633869168,0.2410593028519692,179.0,0.5226666666666666
3,400,clean_first_then_low_score,400.0,0.5938000000000001,0.6570999999999999,0.0632999999999998,0.0938000000000001,234.0,0.415
3,400,score_rank (low separability),400.0,0.7294,0.68055,-0.04885000000000006,0.22940000000000005,182.0,0.545
3,400,len_gap_rank (symmetric length),400.0,0.62655,0.642711111111111,0.01616111111111096,0.12655000000000005,235.0,0.4125
3,400,negation_rank (low asymmetry),400.0,0.67315,0.5933611111111111,-0.07978888888888891,0.17315000000000003,194.0,0.515
3,425,clean_first_then_low_score,426.0,0.6033714734911345,0.687444109236348,0.08407263574521351,0.10337147349113451,236.0,0.4460093896713615
3,425,score_rank (low separability),426.0,0.7225958599004281,0.6547596819999804,-0.06783617790044771,0.22259585990042807,192.0,0.5492957746478874
3,425,len_gap_rank (symmetric length),426.0,0.6213206393571492,0.654607364314423,0.033286724957273806,0.12132063935714921,242.0,0.431924882629108
3,425,negation_rank (low asymmetry),426.0,0.6313215127958773,0.6053890979844931,-0.025932414811384197,0.13132151279587734,208.0,0.5117370892018779
3,450,clean_first_then_low_score,450.0,0.7051452737097658,0.6787547658251811,-0.026390507884584635,0.20514527370976576,233.0,0.4822222222222222
3,450,score_rank (low separability),450.0,0.6996632469261492,0.665903547623031,-0.033759699303118285,0.19966324692614923,197.0,0.5622222222222222
3,450,len_gap_rank (symmetric length),450.0,0.6180593625185998,0.6548618020762709,0.03680243955767104,0.11805936251859983,243.0,0.46
3,450,negation_rank (low asymmetry),450.0,0.6617589474508575,0.6423848057128265,-0.01937414173803098,0.1617589474508575,208.0,0.5377777777777778
3,475,clean_first_then_low_score,475.0,0.6926770708283313,0.6741928102512309,-0.018484260577100398,0.1926770708283313,234.0,0.5073684210526316
3,475,score_rank (low separability),475.0,0.7005155003177743,0.6661998169423051,-0.0343156833754692,0.20051550031777432,205.0,0.5684210526315789
3,475,len_gap_rank (symmetric length),475.0,0.6169055857637171,0.6606370723393511,0.04373148657563397,0.11690558576371712,242.0,0.4905263157894737
3,475,negation_rank (low asymmetry),475.0,0.7036932420026835,0.6539223267264234,-0.0497709152762601,0.20369324200268346,209.0,0.56
3,500,clean_first_then_low_score,500.0,0.672448,0.676152888888889,0.0037048888888889797,0.17244800000000005,236.0,0.528
3,500,score_rank (low separability),500.0,0.6531199999999999,0.6854648888888888,0.03234488888888887,0.15311999999999992,213.0,0.574
3,500,len_gap_rank (symmetric length),500.0,0.6345599999999999,0.663320888888889,0.028760888888889058,0.1345599999999999,244.0,0.512
3,500,negation_rank (low asymmetry),500.0,0.67008,0.6739413333333335,0.0038613333333334943,0.17008,222.0,0.556
4,300,clean_first_then_low_score,300.0,0.5719111111111111,0.5910320987654321,0.01912098765432091,0.07191111111111115,240.0,0.2
4,300,score_rank (low separability),300.0,0.6078222222222223,0.6605037037037036,0.05268148148148133,0.10782222222222226,147.0,0.51
4,300,len_gap_rank (symmetric length),300.0,0.6087111111111112,0.6387950617283951,0.03008395061728386,0.1087111111111112,179.0,0.4033333333333333
4,300,negation_rank (low asymmetry),300.0,0.6742222222222221,0.5990518518518518,-0.07517037037037022,0.17422222222222206,128.0,0.5733333333333334
4,325,clean_first_then_low_score,326.0,0.5939916716240333,0.5894920720236496,-0.004499599600383708,0.09399167162403332,240.0,0.26380368098159507
4,325,score_rank (low separability),326.0,0.6223973825104105,0.657803681805966,0.0354062992955555,0.12239738251041055,155.0,0.5245398773006135
4,325,len_gap_rank (symmetric length),326.0,0.612730517549078,0.6551666218758398,0.042436104326761814,0.11273051754907804,190.0,0.4171779141104294
4,325,negation_rank (low asymmetry),326.0,0.7381766805472932,0.6003930395055093,-0.13778364104178398,0.23817668054729324,143.0,0.5613496932515337
4,350,clean_first_then_low_score,350.0,0.6014979338842975,0.6212633296427947,0.01976539575849723,0.10149793388429751,242.0,0.30857142857142855
4,350,score_rank (low separability),350.0,0.596849173553719,0.6573189208088107,0.06046974725509169,0.09684917355371903,167.0,0.5228571428571429
4,350,len_gap_rank (symmetric length),350.0,0.640625,0.6633354699609579,0.022710469960957935,0.140625,204.0,0.41714285714285715
4,350,negation_rank (low asymmetry),350.0,0.7411544421487604,0.6021283724724666,-0.13902606967629372,0.24115444214876036,156.0,0.5542857142857143
4,375,clean_first_then_low_score,375.0,0.6361475780896334,0.6309190613087474,-0.005228516780885983,0.1361475780896334,243.0,0.352
4,375,score_rank (low separability),375.0,0.6643277501131734,0.6636377452159926,-0.0006900048971807404,0.16432775011317335,173.0,0.5386666666666666
4,375,len_gap_rank (symmetric length),375.0,0.6166817564508829,0.6732754144451059,0.056593657994223,0.11668175645088286,221.0,0.4106666666666667
4,375,negation_rank (low asymmetry),375.0,0.7439452240832956,0.6059067134408126,-0.13803851064248296,0.24394522408329555,169.0,0.5493333333333333
4,400,clean_first_then_low_score,400.0,0.6502,0.6390611111111111,-0.01113888888888892,0.1502,247.0,0.3825
4,400,score_rank (low separability),400.0,0.6701,0.6536222222222221,-0.016477777777777924,0.17010000000000003,179.0,0.5525
4,400,len_gap_rank (symmetric length),400.0,0.6522999999999999,0.6711222222222222,0.018822222222222296,0.15229999999999988,236.0,0.41
4,400,negation_rank (low asymmetry),400.0,0.75945,0.6061944444444445,-0.15325555555555548,0.25944999999999996,184.0,0.54
4,425,clean_first_then_low_score,426.0,0.6623285876495764,0.653079273985122,-0.009249313664454362,0.16232858764957636,250.0,0.4131455399061033
4,425,score_rank (low separability),426.0,0.6652982793257054,0.6477923762541642,-0.017505903071541207,0.1652982793257054,191.0,0.5516431924882629
4,425,len_gap_rank (symmetric length),426.0,0.6588348327364835,0.6679081376951878,0.009073304958704287,0.15883483273648347,250.0,0.4131455399061033
4,425,negation_rank (low asymmetry),426.0,0.7509389466328937,0.6006132015212114,-0.15032574511168229,0.25093894663289373,199.0,0.5328638497652582
4,450,clean_first_then_low_score,450.0,0.6663011982144255,0.6695841294719509,0.0032829312575254344,0.16630119821442546,253.0,0.43777777777777777
4,450,score_rank (low separability),450.0,0.6554937739838672,0.6651639091653532,0.009670135181485962,0.1554937739838672,199.0,0.5577777777777778
4,450,len_gap_rank (symmetric length),450.0,0.6697470436212702,0.6718954996521938,0.002148456030923507,0.16974704362127024,253.0,0.43777777777777777
4,450,negation_rank (low asymmetry),450.0,0.6879943613438798,0.6267335276351822,-0.061260833708697615,0.1879943613438798,213.0,0.5266666666666666
4,475,clean_first_then_low_score,475.0,0.6869571357954947,0.6622033202878425,-0.02475381550765221,0.18695713579549467,242.0,0.4905263157894737
4,475,score_rank (low separability),475.0,0.6772120612951064,0.665718501451837,-0.011493559843269385,0.17721206129510636,208.0,0.5621052631578948
4,475,len_gap_rank (symmetric length),475.0,0.6876633006143633,0.6796214177502841,-0.008041882864079253,0.18766330061436332,253.0,0.4673684210526316
4,475,negation_rank (low asymmetry),475.0,0.7129793093708072,0.6507819404115641,-0.062197368959243104,0.21297930937080722,210.0,0.5578947368421052
4,500,clean_first_then_low_score,500.0,0.668736,0.6582186666666667,-0.010517333333333267,0.168736,244.0,0.512
4,500,score_rank (low separability),500.0,0.6639359999999999,0.6765048888888889,0.012568888888889074,0.16393599999999986,216.0,0.568
4,500,len_gap_rank (symmetric length),500.0,0.6930559999999999,0.678247111111111,-0.014808888888888871,0.1930559999999999,253.0,0.494
4,500,negation_rank (low asymmetry),500.0,0.5989439999999999,0.6580515555555555,0.05910755555555558,0.09894399999999992,222.0,0.556
5,300,clean_first_then_low_score,300.0,0.6424888888888888,0.6242666666666666,-0.01822222222222214,0.14248888888888878,228.0,0.24
5,300,score_rank (low separability),300.0,0.5903999999999999,0.6658962962962963,0.0754962962962964,0.09039999999999992,145.0,0.5166666666666667
5,300,len_gap_rank (symmetric length),300.0,0.6055111111111111,0.6545876543209876,0.04907654320987653,0.10551111111111111,186.0,0.38
5,300,negation_rank (low asymmetry),300.0,0.6110222222222222,0.5882271604938272,-0.022795061728395072,0.11102222222222224,141.0,0.53
5,325,clean_first_then_low_score,326.0,0.6157049375371803,0.6328187987100242,0.01711386117284397,0.11570493753718025,236.0,0.27607361963190186
5,325,score_rank (low separability),326.0,0.6860499702558002,0.6634473259876378,-0.022602644268162386,0.18604997025580017,141.0,0.5674846625766872
5,325,len_gap_rank (symmetric length),326.0,0.5747323022010709,0.66379165546896,0.08905935326788916,0.07473230220107085,206.0,0.36809815950920244
5,325,negation_rank (low asymmetry),326.0,0.5767400356930399,0.5869893845740393,0.010249348880999376,0.07674003569303989,155.0,0.5245398773006135
5,350,clean_first_then_low_score,350.0,0.5785123966942148,0.6470412563370432,0.0685288596428284,0.07851239669421484,237.0,0.32285714285714284
5,350,score_rank (low separability),350.0,0.6836260330578512,0.6841457374278889,0.0005197043700376769,0.1836260330578512,154.0,0.56
5,350,len_gap_rank (symmetric length),350.0,0.5745738636363638,0.6764393100635161,0.10186544642715234,0.07457386363636376,220.0,0.37142857142857144
5,350,negation_rank (low asymmetry),350.0,0.6137654958677685,0.5958933045859799,-0.01787219128178863,0.11376549586776852,164.0,0.5314285714285715
5,375,clean_first_then_low_score,375.0,0.5807492077863287,0.6403351021390307,0.05958589435270201,0.08074920778632866,240.0,0.36
5,375,score_rank (low separability),375.0,0.7244228157537347,0.6800635756892643,-0.04435924006447034,0.22442281575373468,161.0,0.5706666666666667
5,375,len_gap_rank (symmetric length),375.0,0.5946129470348575,0.6689884879877408,0.07437554095288335,0.09461294703485745,233.0,0.37866666666666665
5,375,negation_rank (low asymmetry),375.0,0.631167949298325,0.5961613961322678,-0.035006553166057164,0.13116794929832498,173.0,0.5386666666666666
5,400,clean_first_then_low_score,400.0,0.56415,0.6622111111111111,0.09806111111111104,0.06415000000000004,242.0,0.395
5,400,score_rank (low separability),400.0,0.65155,0.67795,0.02640000000000009,0.15154999999999996,175.0,0.5625
5,400,len_gap_rank (symmetric length),400.0,0.6018500000000001,0.6780833333333333,0.07623333333333315,0.10185000000000011,242.0,0.395
5,400,negation_rank (low asymmetry),400.0,0.5895000000000001,0.5910833333333334,0.00158333333333327,0.08950000000000014,182.0,0.545
5,425,clean_first_then_low_score,426.0,0.679622674469386,0.6581991136093396,-0.021423560860046376,0.17962267446938596,234.0,0.4507042253521127
5,425,score_rank (low separability),426.0,0.612848283692899,0.6896846532561591,0.07683636956326012,0.11284828369289901,183.0,0.5704225352112676
5,425,len_gap_rank (symmetric length),426.0,0.6130666433749673,0.6842257839447333,0.07115914056976602,0.1130666433749673,247.0,0.42018779342723006
5,425,negation_rank (low asymmetry),426.0,0.6133723469298629,0.6101207731842258,-0.003251573745637115,0.11337234692986287,202.0,0.5258215962441315
5,450,clean_first_then_low_score,450.0,0.6801628945101418,0.6697118051580977,-0.010451089352044085,0.18016289451014178,232.0,0.48444444444444446
5,450,score_rank (low separability),450.0,0.5733808442321248,0.671798642235117,0.09841779800299222,0.07338084423212476,195.0,0.5666666666666667
5,450,len_gap_rank (symmetric length),450.0,0.6306288667867491,0.676980514048728,0.046351647261978934,0.13062886678674912,249.0,0.44666666666666666
5,450,negation_rank (low asymmetry),450.0,0.6778134544600204,0.6343852635842527,-0.04342819087576766,0.1778134544600204,196.0,0.5644444444444444
5,475,clean_first_then_low_score,475.0,0.6081844502506885,0.6744689748769095,0.06628452462622103,0.10818445025068846,240.0,0.49473684210526314
5,475,score_rank (low separability),475.0,0.622872678483158,0.6699043681353365,0.04703168965217852,0.12287267848315797,206.0,0.5663157894736842
5,475,len_gap_rank (symmetric length),475.0,0.6437045406397853,0.6867622459285444,0.043057705288759074,0.14370454063978533,249.0,0.47578947368421054
5,475,negation_rank (low asymmetry),475.0,0.6605112633288609,0.6493498295669738,-0.011161433761887052,0.1605112633288609,209.0,0.56
5,500,clean_first_then_low_score,500.0,0.645088,0.6812195555555556,0.03613155555555558,0.145088,240.0,0.52
5,500,score_rank (low separability),500.0,0.6056,0.6759893333333333,0.0703893333333333,0.10560000000000003,212.0,0.576
5,500,len_gap_rank (symmetric length),500.0,0.6553599999999999,0.6825493333333333,0.0271893333333334,0.15535999999999994,251.0,0.498
5,500,negation_rank (low asymmetry),500.0,0.6276160000000001,0.6615502222222222,0.03393422222222209,0.12761600000000006,221.0,0.558
6,300,clean_first_then_low_score,300.0,0.6109333333333333,0.6109135802469137,-1.975308641966045e-05,0.11093333333333333,232.0,0.22666666666666666
6,300,score_rank (low separability),300.0,0.5805333333333333,0.6444839506172839,0.06395061728395057,0.08053333333333335,149.0,0.5033333333333333
6,300,len_gap_rank (symmetric length),300.0,0.6045333333333333,0.6531358024691358,0.04860246913580257,0.10453333333333326,179.0,0.4033333333333333
6,300,negation_rank (low asymmetry),300.0,0.5689777777777776,0.5732938271604938,0.004316049382716236,0.06897777777777758,145.0,0.5166666666666667
6,325,clean_first_then_low_score,326.0,0.6080458060678167,0.6366904058048912,0.02864459973707456,0.10804580606781666,237.0,0.27300613496932513
6,325,score_rank (low separability),326.0,0.5808298631766806,0.6767502015587208,0.09592033838204017,0.08082986317668062,160.0,0.50920245398773
6,325,len_gap_rank (symmetric length),326.0,0.6073022010707911,0.6539740661112604,0.046671865040469274,0.10730220107079114,197.0,0.39570552147239263
6,325,negation_rank (low asymmetry),326.0,0.591686496133254,0.591423676431067,-0.00026281970218700046,0.09168649613325397,154.0,0.5276073619631901
6,350,clean_first_then_low_score,350.0,0.5885847107438017,0.6476021210885147,0.05901741034471297,0.0885847107438017,242.0,0.30857142857142855
6,350,score_rank (low separability),350.0,0.7182980371900827,0.656335586504283,-0.06196245068579964,0.21829803719008267,160.0,0.5428571428571428
6,350,len_gap_rank (symmetric length),350.0,0.6488894628099174,0.6633063341297127,0.014416871319795299,0.14888946280991744,210.0,0.4
6,350,negation_rank (low asymmetry),350.0,0.6506973140495869,0.5947351552939806,-0.055962158755606284,0.15069731404958686,167.0,0.5228571428571429
6,375,clean_first_then_low_score,375.0,0.5568130375735627,0.6499031167285115,0.09309007915494882,0.05681303757356271,244.0,0.34933333333333333
6,375,score_rank (low separability),375.0,0.6322430964237211,0.6376439001532401,0.00540080372951901,0.13224309642372112,173.0,0.5386666666666666
6,375,len_gap_rank (symmetric length),375.0,0.6303757356269806,0.6777016501817352,0.047325914554754656,0.13037573562698057,227.0,0.39466666666666667
6,375,negation_rank (low asymmetry),375.0,0.683793571751924,0.6062106609592077,-0.07758291079271629,0.183793571751924,177.0,0.528
6,400,clean_first_then_low_score,400.0,0.6059,0.6503833333333333,0.04448333333333332,0.1059,244.0,0.39
6,400,score_rank (low separability),400.0,0.64865,0.6543833333333333,0.005733333333333368,0.14864999999999995,182.0,0.545
6,400,len_gap_rank (symmetric length),400.0,0.622,0.6723222222222222,0.05032222222222216,0.122,241.0,0.3975
6,400,negation_rank (low asymmetry),400.0,0.6892,0.6012888888888889,-0.08791111111111116,0.18920000000000003,188.0,0.53
6,425,clean_first_then_low_score,426.0,0.5991789675954231,0.6676231562189836,0.0684441886235605,0.0991789675954231,247.0,0.42018779342723006
6,425,score_rank (low separability),426.0,0.6212769674207355,0.6580566228712375,0.03677965545050199,0.12127696742073546,191.0,0.5516431924882629
6,425,len_gap_rank (symmetric length),426.0,0.655166390077736,0.6747673470189954,0.019600956941259406,0.15516639007773603,247.0,0.42018779342723006
6,425,negation_rank (low asymmetry),426.0,0.6651672635164644,0.6206110395927713,-0.04455622392369307,0.16516726351646438,204.0,0.5211267605633803
6,450,clean_first_then_low_score,450.0,0.654867256637168,0.6566536642921924,0.001786407655024358,0.15486725663716805,243.0,0.46
6,450,score_rank (low separability),450.0,0.6132038530816821,0.6612764046526781,0.04807255157099599,0.11320385308168213,201.0,0.5533333333333333
6,450,len_gap_rank (symmetric length),450.0,0.6622288354608818,0.6823781137458286,0.020149278284946726,0.16222883546088185,248.0,0.4488888888888889
6,450,negation_rank (low asymmetry),450.0,0.6622288354608818,0.6205654712113341,-0.04166336424954775,0.16222883546088185,214.0,0.5244444444444445
6,475,clean_first_then_low_score,475.0,0.6641480121460348,0.6516064890796617,-0.012541523066373128,0.1641480121460348,243.0,0.4884210526315789
6,475,score_rank (low separability),475.0,0.6217075065320246,0.6695453541219543,0.047837847589929705,0.12170750653202456,205.0,0.5684210526315789
6,475,len_gap_rank (symmetric length),475.0,0.6787656238966174,0.6770609771493498,-0.0017046467472676685,0.17876562389661743,249.0,0.47578947368421054
6,475,negation_rank (low asymmetry),475.0,0.6922886801779535,0.6521430374952658,-0.04014564268268772,0.19228868017795353,213.0,0.5515789473684211
6,500,clean_first_then_low_score,500.0,0.64864,0.6721635555555556,0.02352355555555563,0.14864,244.0,0.512
6,500,score_rank (low separability),500.0,0.6533119999999999,0.6752568888888889,0.021944888888889014,0.1533119999999999,209.0,0.582
6,500,len_gap_rank (symmetric length),500.0,0.669824,0.6813937777777778,0.01156977777777779,0.16982399999999997,250.0,0.5
6,500,negation_rank (low asymmetry),500.0,0.6147840000000001,0.6692622222222223,0.054478222222222206,0.11478400000000011,222.0,0.556
7,300,clean_first_then_low_score,300.0,0.6195555555555555,0.5920493827160495,-0.02750617283950607,0.11955555555555553,236.0,0.21333333333333335
7,300,score_rank (low separability),300.0,0.6023999999999999,0.6465283950617284,0.0441283950617285,0.10239999999999994,146.0,0.5133333333333333
7,300,len_gap_rank (symmetric length),300.0,0.6247999999999999,0.6066271604938271,-0.018172839506172767,0.12479999999999991,176.0,0.41333333333333333
7,300,negation_rank (low asymmetry),300.0,0.7009777777777778,0.6059753086419754,-0.09500246913580246,0.2009777777777778,137.0,0.5433333333333333
7,325,clean_first_then_low_score,326.0,0.587819750148721,0.6011404864283796,0.013320736279658574,0.08781975014872101,240.0,0.26380368098159507
7,325,score_rank (low separability),326.0,0.625,0.6520424617038431,0.027042461703843057,0.125,154.0,0.5276073619631901
7,325,len_gap_rank (symmetric length),326.0,0.5811273051754908,0.6172483875302338,0.036121082354742984,0.08112730517549083,193.0,0.40797546012269936
7,325,negation_rank (low asymmetry),326.0,0.705086258179655,0.6058435232464392,-0.09924273493321578,0.20508625817965498,145.0,0.5552147239263804
7,350,clean_first_then_low_score,350.0,0.6037577479338843,0.6184153021385701,0.014657554204685841,0.10375774793388426,244.0,0.3028571428571429
7,350,score_rank (low separability),350.0,0.7283057851239669,0.6350809976108619,-0.09322478751310503,0.22830578512396693,159.0,0.5457142857142857
7,350,len_gap_rank (symmetric length),350.0,0.6040160123966942,0.6263693840685275,0.022353371671833266,0.10401601239669422,206.0,0.4114285714285714
7,350,negation_rank (low asymmetry),350.0,0.7255940082644627,0.5927830546005477,-0.13281095366391504,0.22559400826446274,159.0,0.5457142857142857
7,375,clean_first_then_low_score,375.0,0.5916138524219103,0.6311153607477109,0.03950150832580057,0.09161385242191034,245.0,0.3466666666666667
7,375,score_rank (low separability),375.0,0.7486985061113627,0.648877293853928,-0.09982121225743468,0.24869850611136268,173.0,0.5386666666666666
7,375,len_gap_rank (symmetric length),375.0,0.6626867360796741,0.6401008092602677,-0.02258592681940641,0.1626867360796741,220.0,0.41333333333333333
7,375,negation_rank (low asymmetry),375.0,0.6843594386600271,0.6058180620812806,-0.07854137657874649,0.18435943866002713,168.0,0.552
7,400,clean_first_then_low_score,400.0,0.5889500000000001,0.6386166666666666,0.049666666666666526,0.08895000000000008,245.0,0.3875
7,400,score_rank (low separability),400.0,0.75665,0.6563055555555556,-0.10034444444444446,0.25665000000000004,181.0,0.5475
7,400,len_gap_rank (symmetric length),400.0,0.68215,0.6445888888888889,-0.037561111111111156,0.18215000000000003,234.0,0.415
7,400,negation_rank (low asymmetry),400.0,0.7424,0.5886722222222223,-0.15372777777777769,0.24239999999999995,183.0,0.5425
7,425,clean_first_then_low_score,426.0,0.6078696829417416,0.6414097738819391,0.0335400909401975,0.1078696829417416,247.0,0.42018779342723006
7,425,score_rank (low separability),426.0,0.679753690278627,0.646622969506982,-0.03313072077164503,0.17975369027862698,194.0,0.5446009389671361
7,425,len_gap_rank (symmetric length),426.0,0.6725914927067866,0.634668487927595,-0.03792300477919164,0.17259149270678664,248.0,0.41784037558685444
7,425,negation_rank (low asymmetry),426.0,0.7449122194078086,0.5968838749619206,-0.14802834444588797,0.2449122194078086,201.0,0.528169014084507
7,450,clean_first_then_low_score,450.0,0.6293758320933511,0.6532592520846358,0.023883419991284627,0.12937583209335113,248.0,0.4488888888888889
7,450,score_rank (low separability),450.0,0.6520870859111912,0.6494025658410305,-0.002684520070160734,0.15208708591119124,207.0,0.54
7,450,len_gap_rank (symmetric length),450.0,0.711058031169238,0.6495830728455829,-0.06147495832365513,0.21105803116923805,251.0,0.44222222222222224
7,450,negation_rank (low asymmetry),450.0,0.6868979559871564,0.6193195326189365,-0.06757842336821995,0.18689795598715642,198.0,0.56
7,475,clean_first_then_low_score,475.0,0.7414377515712167,0.6427731662668855,-0.0986645853043312,0.24143775157121672,244.0,0.4863157894736842
7,475,score_rank (low separability),475.0,0.6946896405621072,0.6466670874889534,-0.04802255307315384,0.19468964056210725,213.0,0.5515789473684211
7,475,len_gap_rank (symmetric length),475.0,0.7098721841677847,0.6478190884989269,-0.06205309566885786,0.20987218416778475,251.0,0.47157894736842104
7,475,negation_rank (low asymmetry),475.0,0.7417202174987642,0.6307008269157934,-0.11101939058297072,0.24172021749876416,209.0,0.56
7,500,clean_first_then_low_score,500.0,0.694304,0.6449848888888889,-0.04931911111111109,0.19430400000000003,245.0,0.51
7,500,score_rank (low separability),500.0,0.645536,0.6609066666666668,0.015370666666666755,0.145536,221.0,0.558
7,500,len_gap_rank (symmetric length),500.0,0.7272000000000001,0.6521031111111111,-0.07509688888888899,0.22720000000000007,251.0,0.498
7,500,negation_rank (low asymmetry),500.0,0.744928,0.6401137777777778,-0.10481422222222225,0.24492800000000003,222.0,0.556
8,300,clean_first_then_low_score,300.0,0.544088888888889,0.5879604938271605,0.04387160493827158,0.044088888888888955,235.0,0.21666666666666667
8,300,score_rank (low separability),300.0,0.5019555555555555,0.6894617283950617,0.1875061728395062,0.001955555555555488,141.0,0.53
8,300,len_gap_rank (symmetric length),300.0,0.5742222222222222,0.6264592592592593,0.05223703703703708,0.07422222222222219,182.0,0.3933333333333333
8,300,negation_rank (low asymmetry),300.0,0.7397333333333334,0.624641975308642,-0.11509135802469139,0.23973333333333335,131.0,0.5633333333333334
8,325,clean_first_then_low_score,326.0,0.5745835812016657,0.611058855146466,0.03647527394480021,0.07458358120166575,234.0,0.2822085889570552
8,325,score_rank (low separability),326.0,0.5350237953599049,0.687029696318194,0.15200590095828914,0.03502379535990485,150.0,0.5398773006134969
8,325,len_gap_rank (symmetric length),326.0,0.5777067221891731,0.6342045149153452,0.05649779272617217,0.07770672218917307,198.0,0.39263803680981596
8,325,negation_rank (low asymmetry),326.0,0.6917013682331945,0.6268728164471917,-0.06482855178600277,0.1917013682331945,147.0,0.549079754601227
8,350,clean_first_then_low_score,350.0,0.6073088842975207,0.6340612435172774,0.026752359219756716,0.10730888429752072,238.0,0.32
8,350,score_rank (low separability),350.0,0.6138300619834711,0.6730085659343861,0.05917850395091495,0.11383006198347112,163.0,0.5342857142857143
8,350,len_gap_rank (symmetric length),350.0,0.6161544421487603,0.6445574267233845,0.0284029845746242,0.11615444214876025,211.0,0.39714285714285713
8,350,negation_rank (low asymmetry),350.0,0.7003486570247932,0.6202290076335877,-0.08011964939120553,0.2003486570247932,159.0,0.5457142857142857
8,375,clean_first_then_low_score,375.0,0.6313942960615664,0.6513278707209887,0.01993357465942236,0.13139429606156638,238.0,0.36533333333333334
8,375,score_rank (low separability),375.0,0.6326957899502037,0.675472701713504,0.04277691176330034,0.1326957899502037,170.0,0.5466666666666666
8,375,len_gap_rank (symmetric length),375.0,0.6325260298777727,0.6551398791808615,0.02261384930308874,0.13252602987777273,230.0,0.38666666666666666
8,375,negation_rank (low asymmetry),375.0,0.6522747849705749,0.6241182355846557,-0.02815654938591916,0.1522747849705749,168.0,0.552
8,400,clean_first_then_low_score,400.0,0.6371499999999999,0.6662388888888888,0.029088888888888942,0.13714999999999988,239.0,0.4025
8,400,score_rank (low separability),400.0,0.7041,0.6783277777777778,-0.025772222222222196,0.20409999999999995,179.0,0.5525
8,400,len_gap_rank (symmetric length),400.0,0.66935,0.6537944444444443,-0.015555555555555656,0.16935,241.0,0.3975
8,400,negation_rank (low asymmetry),400.0,0.6897,0.6187111111111111,-0.07098888888888888,0.18969999999999998,182.0,0.545
8,425,clean_first_then_low_score,426.0,0.6526770897021573,0.6621151521702813,0.009438062468123953,0.15267708970215732,241.0,0.43427230046948356
8,425,score_rank (low separability),426.0,0.6852126823303345,0.6789929344247796,-0.0062197479055549065,0.1852126823303345,191.0,0.5516431924882629
8,425,len_gap_rank (symmetric length),426.0,0.6876583107694995,0.6714900600426489,-0.016168250726850575,0.18765831076949946,245.0,0.42488262910798125
8,425,negation_rank (low asymmetry),426.0,0.7328150930212245,0.6250970411061212,-0.10771805191510331,0.2328150930212245,198.0,0.5352112676056338
8,450,clean_first_then_low_score,450.0,0.6898347560498082,0.6672111227535682,-0.022623633296239953,0.18983475604980815,242.0,0.4622222222222222
8,450,score_rank (low separability),450.0,0.7052235883781033,0.6702489235618875,-0.034974664816215806,0.20522358837810328,202.0,0.5511111111111111
8,450,len_gap_rank (symmetric length),450.0,0.6759339024199232,0.6692187128529793,-0.0067151895669439465,0.17593390241992324,245.0,0.45555555555555555
8,450,negation_rank (low asymmetry),450.0,0.7291095622210041,0.6416539724748831,-0.087455589746121,0.2291095622210041,212.0,0.5288888888888889
8,475,clean_first_then_low_score,475.0,0.695572346585693,0.6586605226612802,-0.036911823924412834,0.195572346585693,238.0,0.49894736842105264
8,475,score_rank (low separability),475.0,0.7041875573758916,0.6758931953036232,-0.02829436207226832,0.20418755737589156,209.0,0.56
8,475,len_gap_rank (symmetric length),475.0,0.6656309582656591,0.664037842444136,-0.0015931158215231056,0.1656309582656591,245.0,0.4842105263157895
8,475,negation_rank (low asymmetry),475.0,0.7206765058964761,0.662759594748138,-0.05791691114833819,0.22067650589647614,212.0,0.5536842105263158
8,500,clean_first_then_low_score,500.0,0.7039039999999999,0.6620266666666667,-0.04187733333333321,0.20390399999999986,240.0,0.52
8,500,score_rank (low separability),500.0,0.701088,0.6790613333333333,-0.02202666666666675,0.20108800000000004,216.0,0.568
8,500,len_gap_rank (symmetric length),500.0,0.68592,0.6707022222222222,-0.015217777777777775,0.18591999999999997,248.0,0.504
8,500,negation_rank (low asymmetry),500.0,0.71504,0.6821582222222222,-0.03288177777777779,0.21504,218.0,0.564
9,300,clean_first_then_low_score,300.0,0.5659555555555555,0.6115753086419753,0.045619753086419745,0.06595555555555555,228.0,0.24
9,300,score_rank (low separability),300.0,0.5409777777777778,0.6948641975308643,0.15388641975308648,0.04097777777777778,139.0,0.5366666666666666
9,300,len_gap_rank (symmetric length),300.0,0.5642666666666667,0.6251456790123456,0.06087901234567894,0.0642666666666667,189.0,0.37
9,300,negation_rank (low asymmetry),300.0,0.7187555555555556,0.5819950617283951,-0.1367604938271605,0.2187555555555556,139.0,0.5366666666666666
9,325,clean_first_then_low_score,326.0,0.5910916121356335,0.6226316850309057,0.031540072895272164,0.09109161213563355,233.0,0.2852760736196319
9,325,score_rank (low separability),326.0,0.5724271267102915,0.6899606960494491,0.1175335693391576,0.0724271267102915,151.0,0.5368098159509203
9,325,len_gap_rank (symmetric length),326.0,0.5126412849494348,0.6398145659768879,0.12717328102745307,0.012641284949434839,208.0,0.3619631901840491
9,325,negation_rank (low asymmetry),326.0,0.7559488399762047,0.5951105213652244,-0.1608383186109803,0.25594883997620466,152.0,0.5337423312883436
9,350,clean_first_then_low_score,350.0,0.5703770661157024,0.639298409183614,0.06892134306791164,0.07037706611570238,233.0,0.3342857142857143
9,350,score_rank (low separability),350.0,0.7221074380165289,0.6837232678748325,-0.03838417014169637,0.22210743801652888,156.0,0.5542857142857143
9,350,len_gap_rank (symmetric length),350.0,0.6229338842975207,0.6429403880892722,0.020006503791751507,0.12293388429752072,212.0,0.3942857142857143
9,350,negation_rank (low asymmetry),350.0,0.7128099173553719,0.5940286113862828,-0.11878130596908909,0.2128099173553719,161.0,0.54
9,375,clean_first_then_low_score,375.0,0.5986871887732006,0.6501184128873747,0.05143122411417411,0.0986871887732006,236.0,0.37066666666666664
9,375,score_rank (low separability),375.0,0.6366002716161159,0.6730347893263763,0.036434517710260406,0.13660027161611588,171.0,0.544
9,375,len_gap_rank (symmetric length),375.0,0.5990267089180625,0.657641113967655,0.05861440504959248,0.09902670891806253,233.0,0.37866666666666665
9,375,negation_rank (low asymmetry),375.0,0.7136713444997735,0.6039627157710769,-0.10970862872869669,0.21367134449977354,172.0,0.5413333333333333
9,400,clean_first_then_low_score,400.0,0.6361499999999999,0.6697222222222222,0.03357222222222234,0.13614999999999988,239.0,0.4025
9,400,score_rank (low separability),400.0,0.6836500000000001,0.6821833333333334,-0.0014666666666667272,0.1836500000000001,176.0,0.56
9,400,len_gap_rank (symmetric length),400.0,0.6172,0.6519333333333334,0.034733333333333394,0.11719999999999997,245.0,0.3875
9,400,negation_rank (low asymmetry),400.0,0.735,0.6065444444444446,-0.12845555555555543,0.235,185.0,0.5375
9,425,clean_first_then_low_score,426.0,0.623504236177832,0.6686451587543362,0.04514092257650415,0.12350423617783202,241.0,0.43427230046948356
9,425,score_rank (low separability),426.0,0.6018866276530701,0.6789094053714095,0.07702277771833943,0.1018866276530701,187.0,0.5610328638497653
9,425,len_gap_rank (symmetric length),426.0,0.6683553148746616,0.6613240829001288,-0.0070312319745328145,0.1683553148746616,247.0,0.42018779342723006
9,425,negation_rank (low asymmetry),426.0,0.6370862084024804,0.6015172806871002,-0.03556892771538023,0.13708620840248043,210.0,0.5070422535211268
9,450,clean_first_then_low_score,450.0,0.6858015506304331,0.6550555169104244,-0.030746033720008725,0.18580155063043313,235.0,0.4777777777777778
9,450,score_rank (low separability),450.0,0.6316469574751351,0.6650494413088078,0.033402483833672725,0.1316469574751351,197.0,0.5622222222222222
9,450,len_gap_rank (symmetric length),450.0,0.651108152556974,0.6581197333779465,0.0070115808209725294,0.15110815255697396,249.0,0.44666666666666666
9,450,negation_rank (low asymmetry),450.0,0.7152870232594565,0.6351997464096716,-0.0800872768497849,0.21528702325945648,200.0,0.5555555555555556
9,475,clean_first_then_low_score,475.0,0.6673610620718875,0.6560330135083954,-0.011328048563492121,0.1673610620718875,238.0,0.49894736842105264
9,475,score_rank (low separability),475.0,0.6362898100416637,0.6725160964524681,0.03622628641080439,0.13628981004166374,205.0,0.5684210526315789
9,475,len_gap_rank (symmetric length),475.0,0.6743167855377445,0.6624084711526323,-0.011908314385112195,0.17431678553774455,250.0,0.47368421052631576
9,475,negation_rank (low asymmetry),475.0,0.6658428077113198,0.6550703825274586,-0.010772425183861123,0.16584280771131976,212.0,0.5536842105263158
9,500,clean_first_then_low_score,500.0,0.6552,0.6670008888888889,0.01180088888888886,0.1552,240.0,0.52
9,500,score_rank (low separability),500.0,0.6370880000000001,0.6891235555555555,0.05203555555555539,0.1370880000000001,210.0,0.58
9,500,len_gap_rank (symmetric length),500.0,0.675712,0.6704426666666667,-0.005269333333333237,0.17571199999999998,248.0,0.504
9,500,negation_rank (low asymmetry),500.0,0.6977920000000001,0.6606008888888888,-0.037191111111111286,0.19779200000000008,220.0,0.56
